id,listing_url,scrape_id,last_scraped,source,name,description,neighborhood_overview,picture_url,host_id,host_url,host_profile_id,host_profile_url,host_name,host_since,hosts_time_as_user_years,hosts_time_as_user_months,hosts_time_as_host_years,hosts_time_as_host_months,host_location,host_about,host_response_time,host_response_rate,host_acceptance_rate,host_is_superhost,host_thumbnail_url,host_picture_url,host_neighbourhood,host_listings_count,host_total_listings_count,host_verifications,host_has_profile_pic,host_identity_verified,neighbourhood,neighbourhood_cleansed,neighbourhood_group_cleansed,latitude,longitude,property_type,room_type,accommodates,bathrooms,bathrooms_text,bedrooms,beds,amenities,price,price_quote_checkin_date,price_quote_checkout_date,price_quote_total_price,price_quote_price_per_night,price_quote_raw,minimum_nights,maximum_nights,minimum_minimum_nights,maximum_minimum_nights,minimum_maximum_nights,maximum_maximum_nights,minimum_nights_avg_ntm,maximum_nights_avg_ntm,calendar_updated,has_availability,availability_30,availability_60,availability_90,availability_365,calendar_last_scraped,number_of_reviews,number_of_reviews_ltm,number_of_reviews_l30d,availability_eoy,number_of_reviews_ly,estimated_occupancy_l365d,estimated_revenue_l365d,first_review,last_review,review_scores_rating,review_scores_accuracy,review_scores_cleanliness,review_scores_checkin,review_scores_communication,review_scores_location,review_scores_value,license,instant_bookable,calculated_host_listings_count,calculated_host_listings_count_entire_homes,calculated_host_listings_count_private_rooms,calculated_host_listings_count_shared_rooms,reviews_per_month
6848,https://www.airbnb.com/rooms/6848,20260414135910,2026-04-14,previous scrape,Only 2 stops to Manhattan studio,"Comfortable studio apartment with super comfortable king size bed and  full kitchen and bathroom located in FABULOUS Williamsburg, Brooklyn.",,https://a0.muscache.com/pictures/e4f031a7-f146-40fd-98fd-b399a940c505.jpg,15991,https://www.airbnb.com/users/show/15991,1.462506783043501e+18,https://www.airbnb.com/users/profile/1462506783043501110,Allen,,16.0,11.0,15.0,3.0,"New York, NY","We love to travel. When we travel we like to stay in a comfortable place that is clean, neat and sweet smelling, for a reasonable price. That's what we rent to you. We love city life but we also love outdoor adventures. We like keep up with all that's new and exciting around New York and we're happy to tell you where to find it. Want to hear the new young musicians that people are excited about or the promising new artists - we'll tell you about them. The best restaurants - ask us.
Want to take a break from the city we'll tell you about wilderness canoeing on the Delaware river - just an hour and a half's drive. We can tell you where to find the great salt water fishing with clean beautiful waters just an hour away from the city or how to take a one day trip by bus to ski in Vermont.


WHY WILLIAMSBURG?

Williamsburg is FABULOUS. It's fast growing and it's fast changing. It's hip. In the 1960's the new and exciting place where culture was blooming was Greenwich Village. In the 70's the SOHO neighborhood was where cheap industrial loft space were being turned into places where the adventurous could move to New York, live cheaply and make the new art, music, and culture. These days Williamsburg has that special chemistry of the New York that's constantly renewing itself.",,,,t,,https://a0.muscache.com/im/users/15991/profile_pic/1259104907/original.jpg?aki_policy=profile_x_medium,,1.0,,,t,t,,Williamsburg,Brooklyn,40.70935,-73.95342,Entire rental unit,Entire home/apt,3,,1 bath,2.0,,"[""Microwave"", ""Wifi"", ""Hangers"", ""Essentials"", ""Stove"", ""Dishwasher"", ""Free street parking"", ""Dishes and silverware"", ""Smoke alarm"", ""Bed linens"", ""Iron"", ""Carbon monoxide alarm"", ""Heating"", ""Shampoo"", ""Kitchen"", ""TV"", ""Fire extinguisher"", ""Oven"", ""Hot water"", ""Cooking basics"", ""Coffee maker"", ""Refrigerator"", ""Washer"", ""Hair dryer"", ""Air conditioning"", ""Extra pillows and blankets""]",$117.27,2026-12-20,2027-01-19,3518.0,117.27,"{""quote"": {""taxes"": null, ""currency"": ""USD"", ""date_match"": null, ""service_fee"": null, ""total_price"": ""3518"", ""cleaning_fee"": null, ""is_available"": true, ""discount_amount"": null, ""price_per_night"": ""117.2666666666666666666666667"", ""nightly_subtotal"": null, ""discounted_subtotal"": ""3517.64"", ""raw_price_line_items"": [{""amount"": ""3517.64"", ""item_type"": ""other"", ""description"": ""Average monthly price"", ""price_string"": ""$3,517.64""}, {""amount"": ""3517.64"", ""item_type"": ""discounted_subtotal"", ""description"": ""Price after discount"", ""price_string"": ""$3,517.64""}], ""returned_checkin_date"": null, ""requested_checkin_date"": ""2026-12-20"", ""returned_checkout_date"": null, ""requested_checkout_date"": ""2027-01-19""}}",30.0,240.0,30.0,30.0,240.0,240.0,30.0,240.0,,t,8,8,9,138,2026-04-14,197,3,0,35,4,180,21109.0,2009-05-25,2025-11-17,4.6,4.6,4.85,4.85,4.8,4.69,4.59,,,1,1,0,0,0.96
6872,https://www.airbnb.com/rooms/6872,20260414135910,2026-04-14,previous scrape,Uptown Sanctuary w/ Private Bath (Month to Month),"This charming distancing-friendly month-to-month home away from home located in Historic Harlem, Uptown Sanctuary is ideal for lovers of travel, work-life balance, art, soulful living,  culture, and kindness.<br /><br />Spacious bedroom available (if you require more space, please inquiry about the master bedroom with its own ensuite bathroom or renting the whole place).<br /><br />➨ Minimum 30-day stay only, thank you for understanding!<br />➨ Additional fees apply for events and must be approved in advance.",,https://a0.muscache.com/pictures/miso/Hosting-6872/original/50573585-928d-4de4-8c3d-da27a5a2b179.jpeg,16104,https://www.airbnb.com/users/show/16104,1.4625067848742226e+18,https://www.airbnb.com/users/profile/1462506784874222530,Kae,,16.0,11.0,15.0,3.0,"New York, NY","A former life in fashion and wellness has left me well traveled and a lover of all things work-life balance and zen living.  I have great living chemistry with independent, considerate professional females who don't work from home.",,,,f,,https://a0.muscache.com/im/pictures/user/d865acc2-3cba-4f03-bf38-c50819aad378.jpg?aki_policy=profile_x_medium,,2.0,,,t,t,,East Harlem,Manhattan,40.80107,-73.94255,Private room in condo,Private room,1,,1 shared bath,,,"[""Long term stays allowed"", ""Elevator"", ""Fire extinguisher"", ""Washer"", ""Carbon monoxide alarm"", ""Wifi"", ""Hangers"", ""Essentials"", ""Heating"", ""Luggage dropoff allowed"", ""Kitchen"", ""Exterior security cameras on property"", ""Hot water"", ""Paid parking garage off premises"", ""Free street parking"", ""Host greets you"", ""Dryer"", ""Smoke alarm""]",$66.87,2026-04-21,2026-05-21,2006.0,66.87,"{""quote"": {""taxes"": null, ""currency"": ""USD"", ""date_match"": null, ""service_fee"": null, ""total_price"": ""2006.00"", ""cleaning_fee"": null, ""is_available"": true, ""discount_amount"": ""293.55"", ""price_per_night"": ""66.86666666666666666666666667"", ""nightly_subtotal"": null, ""discounted_subtotal"": ""2006.00"", ""raw_price_line_items"": [{""amount"": ""2299.55"", ""item_type"": ""other"", ""description"": ""Average monthly price"", ""price_string"": ""$2,299.55""}, {""amount"": ""-293.55"", ""item_type"": ""discount_amount"", ""description"": ""Monthly stay discount"", ""price_string"": ""-$293.55""}, {""amount"": ""2006.00"", ""item_type"": ""discounted_subtotal"", ""description"": ""Price after discount"", ""price_string"": ""$2,006.00""}], ""returned_checkin_date"": null, ""requested_checkin_date"": ""2026-04-21"", ""returned_checkout_date"": null, ""requested_checkout_date"": ""2026-05-21""}}",30.0,180.0,30.0,30.0,180.0,180.0,30.0,180.0,,t,23,53,83,83,2026-04-14,2,1,0,83,1,60,4012.0,2022-06-05,2025-10-07,5.0,5.0,5.0,5.0,5.0,5.0,5.0,,,2,0,2,0,0.04
6990,https://www.airbnb.com/rooms/6990,20260414135910,2026-04-14,previous scrape,UES Beautiful Blue Room,Beautiful peaceful healthy home,,https://a0.muscache.com/pictures/45fb4ec7-6856-4e78-a8c4-56bb14a6c588.jpg,16800,https://www.airbnb.com/users/show/16800,1.4625068390763054e+18,https://www.airbnb.com/users/profile/1462506839076305525,Cynthia,,16.0,11.0,15.0,3.0,"New York, NY","Capturing the Steinbeck side of life in its Fillini moment.
Home is a special place, it is a live-in work of art... A great experience I hope all to enjoy...",,,,t,,https://a0.muscache.com/im/pictures/user/17c4d833-81c5-41a5-a212-c3f249ff1237.jpg?aki_policy=profile_x_medium,,1.0,,,t,t,,East Harlem,Manhattan,40.78778,-73.94759,Private room in rental unit,Private room,1,,1 shared bath,,,"[""Wifi"", ""Hangers"", ""Room-darkening shades"", ""Stove"", ""Free street parking"", ""Smoke alarm"", ""Clothing storage"", ""Bed linens"", ""Iron"", ""Carbon monoxide alarm"", ""Heating"", ""Paid parking off premises"", ""Kitchen"", ""TV"", ""Fire extinguisher"", ""Hot water"", ""Coffee maker"", ""Refrigerator"", ""Hair dryer"", ""Air conditioning"", ""Extra pillows and blankets"", ""Host greets you""]",$77.17,2026-07-15,2026-08-14,2315.0,77.17,"{""quote"": {""taxes"": null, ""currency"": ""USD"", ""date_match"": null, ""service_fee"": null, ""total_price"": ""2315"", ""cleaning_fee"": null, ""is_available"": true, ""discount_amount"": ""157.50"", ""price_per_night"": ""77.16666666666666666666666667"", ""nightly_subtotal"": null, ""discounted_subtotal"": ""2314.68"", ""raw_price_line_items"": [{""amount"": ""2472.18"", ""item_type"": ""other"", ""description"": ""Average monthly price"", ""price_string"": ""$2,472.18""}, {""amount"": ""-157.50"", ""item_type"": ""discount_amount"", ""description"": ""Monthly stay discount"", ""price_string"": ""-$157.50""}, {""amount"": ""2314.68"", ""item_type"": ""discounted_subtotal"", ""description"": ""Price after discount"", ""price_string"": ""$2,314.68""}], ""returned_checkin_date"": null, ""requested_checkin_date"": ""2026-07-15"", ""returned_checkout_date"": null, ""requested_checkout_date"": ""2026-08-14""}}",30.0,120.0,30.0,30.0,120.0,120.0,30.0,120.0,,t,0,0,0,273,2026-04-14,251,3,0,170,3,180,13891.0,2009-10-28,2026-01-11,4.88,4.83,4.95,4.96,4.94,4.85,4.84,,,1,0,1,0,1.25
7097,https://www.airbnb.com/rooms/7097,20260414135910,2026-04-14,previous scrape,"Perfect for Your Parents, With Garden & Patio","Parents/grandparents coming to town or are you just here for work or play? You'll love this Victorian home. You will enjoy your own spacious bedroom and bathroom, with all the privacy you need. Garden access. Central air conditioning.  Hi-def 48-inch smart TV. High-speed internet. King-size bed. (Also a sofa bed if you don't want to share.) <br /><br />We try to greet you upon check-in.<br /><br />NYC short-term rental. registration #: OSE-STRREG-0000008.",,https://a0.muscache.com/pictures/aaac19fc-4b4d-475e-8ae5-cd7da106341a.jpg,17571,https://www.airbnb.com/users/show/17571,1.462506848265336e+18,https://www.airbnb.com/users/profile/1462506848265336113,Jane,,16.0,10.0,15.0,3.0,"New York, NY","I appreciate visitors and know New York well, having lived here 40 years (Chicago native). Recently retired editor at a major metropolitan newspaper, and a journalism professor at a top Ivy. 
My favorite NY pastimes are theater and museums.",,,,t,,https://a0.muscache.com/im/pictures/user/18480ece-b17f-4706-98e4-695d7d710115.jpg?aki_policy=profile_x_medium,,2.0,,,t,t,,Fort Greene,Brooklyn,40.69194,-73.97389,Private room in guest suite,Private room,2,,1 private bath,,,"[""Long term stays allowed"", ""Shower gel"", ""Microwave"", ""Outdoor dining area"", ""Dove Body Wash body soap"", ""Wifi"", ""Hangers"", ""Essentials"", ""Hot water kettle"", ""Toaster"", ""Books and reading material"", ""Free street parking"", ""Dishes and silverware"", ""Smoke alarm"", ""Bed linens"", ""Iron"", ""Carbon monoxide alarm"", ""Garden view"", ""Free dryer \u2013 In building"", ""Heating"", ""Luggage dropoff allowed"", ""Shampoo"", ""Cleaning products"", ""Kitchen"", ""Self check-in"", ""Central air conditioning"", ""Free washer \u2013 In building"", ""Private patio or balcony"", ""Outdoor furniture"", ""Fire extinguisher"", ""First aid kit"", ""Coffee"", ""Lockbox"", ""Wine glasses"", ""Hot water"", ""Dedicated workspace"", ""Paid parking garage off premises"", ""Cooking basics"", ""Coffee maker"", ""48 inch HDTV with Roku, standard cable"", ""Refrigerator"", ""Private entrance"", ""Shared backyard \u2013 Fully fenced"", ""Clothing storage: closet and dresser"", ""Hair dryer"", ""Extra pillows and blankets"", ""Ceiling fan"", ""Freezer"", ""Drying rack for clothing"", ""Mini fridge""]",$202.47,2027-02-28,2027-03-30,6074.17,202.47,"{""quote"": {""taxes"": null, ""currency"": ""USD"", ""date_match"": null, ""service_fee"": null, ""total_price"": ""6074.17"", ""cleaning_fee"": null, ""is_available"": true, ""discount_amount"": ""1205.37"", ""price_per_night"": ""202.4723333333333333333333333"", ""nightly_subtotal"": null, ""discounted_subtotal"": ""6074.17"", ""raw_price_line_items"": [{""amount"": ""7279.54"", ""item_type"": ""other"", ""description"": ""Average monthly price"", ""price_string"": ""$7,279.54""}, {""amount"": ""-1205.37"", ""item_type"": ""discount_amount"", ""description"": ""Monthly stay discount"", ""price_string"": ""-$1,205.37""}, {""amount"": ""6074.17"", ""item_type"": ""discounted_subtotal"", ""description"": ""Price after discount"", ""price_string"": ""$6,074.17""}], ""returned_checkin_date"": null, ""requested_checkin_date"": ""2027-02-28"", ""returned_checkout_date"": null, ""requested_checkout_date"": ""2027-03-30""}}",30.0,1125.0,30.0,30.0,1125.0,1125.0,30.0,1125.0,,t,0,0,0,45,2026-04-14,423,19,0,0,28,255,51630.0,2010-01-16,2025-09-23,4.89,4.91,4.89,4.97,4.93,4.95,4.82,,,2,0,2,0,2.14
7801,https://www.airbnb.com/rooms/7801,20260414135910,2026-04-14,previous scrape,Sunny Williamsburg Loft with Private Cedar Sauna,"A huge loft in a repurposed factory building in the center of Williamsburg with beautiful sunlight, custom private cedar sauna, multiple plush living rooms, a king bed, work desk with ergonomic desk chair, home theater projector setup, fully stocked chefs kitchen with dishwasher, and bathroom with tub and shower. <br /><br />Perfectly located just two blocks walk from the Williamsburg waterfront, McCarran Park, and the Bedford L train stop, and surrounded by incredible restaurants, shopping and nightlife!",,https://a0.muscache.com/pictures/hosting/Hosting-7801/original/61d010de-99ab-456f-ba88-e313202cf409.jpeg,21207,https://www.airbnb.com/users/show/21207,1.4625069513107448e+18,https://www.airbnb.com/users/profile/1462506951310744838,Chaya,,16.0,10.0,15.0,3.0,"New York, NY","We're a couple who love to travel and explore. 

When we're home, we love to cook and entertain, and our Brooklyn loft and Hudson Valley farmhouse  reflect that open and welcoming vibe.

Hopefully, our travel dates will coincide, and you can enjoy one of our homes while we're away!",,,,t,,https://a0.muscache.com/im/pictures/user/d0391f8b-e686-4559-9f4a-d795d922540f.jpg?aki_policy=profile_x_medium,,3.0,,,t,t,,Williamsburg,Brooklyn,40.71880722045898,-73.9561767578125,Entire place,Entire home/apt,2,,1 bath,,,"[""Long term stays allowed"", ""Shower gel"", ""Microwave"", ""156 inch HDTV with Amazon Prime Video, Apple TV, HBO Max, Netflix"", ""Hangers"", ""Essentials"", ""Room-darkening shades"", ""Ethernet connection"", ""Dishwasher"", ""Hot water kettle"", ""Toaster"", ""Books and reading material"", ""Free street parking"", ""Clothing storage: wardrobe"", ""Free washer \u2013 In unit"", ""Conditioner"", ""Body soap"", ""Dishes and silverware"", ""Smoke alarm"", ""Whirlpool stainless steel gas stove"", ""Bed linens"", ""Iron"", ""Carbon monoxide alarm"", ""Heating"", ""Dining table"", ""Shampoo"", ""Cleaning products"", ""Kitchen"", ""Baking sheet"", ""Free dryer \u2013 In unit"", ""Fire extinguisher"", ""First aid kit"", ""Coffee"", ""Blender"", ""Wine glasses"", ""Private sauna"", ""Hot water"", ""Dedicated workspace"", ""Paid parking garage off premises"", ""Cooking basics"", ""Fast wifi \u2013 331 Mbps"", ""Coffee maker"", ""Cleaning available during stay"", ""Board games"", ""Refrigerator"", ""Shared backyard \u2013 Fully fenced"", ""Hair dryer"", ""Window AC unit"", ""Apple tv and Bose speakers sound system with Bluetooth and aux"", ""Record player"", ""Extra pillows and blankets"", ""Ceiling fan"", ""Stainless steel single oven"", ""Bathtub"", ""Drying rack for clothing"", ""Freezer""]",$365.97,2026-06-18,2026-07-18,10979.0,365.97,"{""quote"": {""taxes"": null, ""currency"": ""USD"", ""date_match"": null, ""service_fee"": null, ""total_price"": ""10979"", ""cleaning_fee"": null, ""is_available"": true, ""discount_amount"": null, ""price_per_night"": ""365.9666666666666666666666667"", ""nightly_subtotal"": null, ""discounted_subtotal"": ""10978.81"", ""raw_price_line_items"": [{""amount"": ""10978.81"", ""item_type"": ""other"", ""description"": ""Average monthly price"", ""price_string"": ""$10,978.81""}, {""amount"": ""10978.81"", ""item_type"": ""discounted_subtotal"", ""description"": ""Price after discount"", ""price_string"": ""$10,978.81""}], ""returned_checkin_date"": null, ""requested_checkin_date"": ""2026-06-18"", ""returned_checkout_date"": null, ""requested_checkout_date"": ""2026-07-18""}}",30.0,120.0,30.0,30.0,120.0,120.0,30.0,120.0,,t,0,0,25,193,2026-04-14,13,1,1,136,0,60,21958.0,2009-08-09,2026-03-29,4.92,4.8,4.7,4.9,4.8,5.0,4.9,,,1,1,0,0,0.06
8490,https://www.airbnb.com/rooms/8490,20260414135910,2026-04-14,previous scrape,"Maison des Sirenes1,bohemian, luminous apartment","Soak up the modern and vintage charm<br />of this beautiful 100 years old Brownstone . Eclectic accents include unique pieces from abroad , original artwork, and a comfy outdoor lounge area.",,https://a0.muscache.com/pictures/1d0d9773-c829-4031-8a57-96e321905a1c.jpg,25183,https://www.airbnb.com/users/show/25183,1.4625070102070057e+18,https://www.airbnb.com/users/profile/1462507010207005813,Nathalie,,16.0,9.0,15.0,3.0,"New York, NY","I am French and have been living in Ny for 10 years: fell in love, stayed, stayed and stayed some more. I am well travelled and speak 3 languages (french, english, spanish). I have a brownstone and I have been renting my 3rd floor for more than year and people truly love it and leave enchanted. Come and see for yourself!!!",,,,f,,https://a0.muscache.com/im/users/25183/profile_pic/1390080106/original.jpg?aki_policy=profile_x_medium,,2.0,,,t,t,,Bedford-Stuyvesant,Brooklyn,40.68455584344908,-73.93963415175676,Entire loft,Entire home/apt,5,,1 bath,1.0,,"[""BBQ grill"", ""Shower gel"", ""Microwave"", ""Outdoor dining area"", ""Long term stays allowed"", ""Wifi"", ""Hangers"", ""Essentials"", ""Room-darkening shades"", ""Hot water kettle"", ""Toaster"", ""Stainless steel gas stove"", ""Clothing storage: closet"", ""Laundromat nearby"", ""Books and reading material"", ""Free street parking"", ""Body soap"", ""Dishes and silverware"", ""Bed linens"", ""Iron"", ""Carbon monoxide alarm"", ""Children\u2019s books and toys"", ""Heating"", ""Dining table"", ""Shampoo"", ""Cleaning products"", ""Kitchen"", ""Luggage dropoff allowed"", ""Self check-in"", ""Baking sheet"", ""Barbecue utensils"", ""Private backyard \u2013 Fully fenced"", ""Private patio or balcony"", ""Rice maker"", ""Outdoor furniture"", ""First aid kit"", ""Oven"", ""Lockbox"", ""Wine glasses"", ""Hot water"", ""Cooking basics"", ""Coffee maker"", ""Board games"", ""Refrigerator"", ""Private entrance"", ""HDTV with standard cable"", ""Hair dryer"", ""Window AC unit"", ""Ceiling fan"", ""Bathtub"", ""Drying rack for clothing"", ""Freezer""]",$193.03,2026-12-23,2027-01-22,5791.0,193.03,"{""quote"": {""taxes"": null, ""currency"": ""USD"", ""date_match"": null, ""service_fee"": null, ""total_price"": ""5791"", ""cleaning_fee"": null, ""is_available"": true, ""discount_amount"": null, ""price_per_night"": ""193.0333333333333333333333333"", ""nightly_subtotal"": null, ""discounted_subtotal"": ""5790.84"", ""raw_price_line_items"": [{""amount"": ""5790.84"", ""item_type"": ""other"", ""description"": ""Average monthly price"", ""price_string"": ""$5,790.84""}, {""amount"": ""5790.84"", ""item_type"": ""discounted_subtotal"", ""description"": ""Price after discount"", ""price_string"": ""$5,790.84""}], ""returned_checkin_date"": null, ""requested_checkin_date"": ""2026-12-23"", ""returned_checkout_date"": null, ""requested_checkout_date"": ""2027-01-22""}}",30.0,1125.0,30.0,30.0,1125.0,1125.0,30.0,1125.0,,t,7,8,14,208,2026-04-14,189,0,0,105,0,0,0.0,2009-08-25,2023-10-16,4.77,4.83,4.74,4.88,4.88,4.67,4.76,,,2,2,0,0,0.93
9357,https://www.airbnb.com/rooms/9357,20260414135910,2026-04-14,previous scrape,Midtown Pied-a-terre,"PLEASE DO NOT REQUEST TO BOOK UNTIL WE HAVE MESSAGED EACH OTHER! This ensures we are a good match, and that my place is the right one for you. Thank you.<br /><br />Cozy & comfy studio on a quiet, tree-lined street, right in the heart of New York City!  Close to many subways with elevator & doorman.",,https://a0.muscache.com/pictures/90036/4e606654_original.jpg,30193,https://www.airbnb.com/users/show/30193,1.4625071257510277e+18,https://www.airbnb.com/users/profile/1462507125751027693,Tommi,,16.0,8.0,15.0,3.0,"New York, NY","I am a spirit-minded alternative health practitioner. This is my home that I let out when I am away, which I plan on being much of this next year.  If you want to feel like a real New Yorker, this is a great space for that, right in the middle of everything!",,,,f,,https://a0.muscache.com/im/pictures/user/User/original/2e348640-4a79-4280-896f-85f6d4e5d8db.jpeg?aki_policy=profile_x_medium,,1.0,,,t,t,,Hell's Kitchen,Manhattan,40.76724,-73.98664,Entire rental unit,Entire home/apt,2,,1 bath,,,"[""Long term stays allowed"", ""Elevator"", ""Wifi"", ""Hangers"", ""Essentials"", ""Room-darkening shades"", ""Host greets you"", ""Ethernet connection"", ""Hot water kettle"", ""Toaster"", ""Paid dryer \u2013 In building"", ""Free street parking"", ""Body soap"", ""Dishes and silverware"", ""Pets allowed"", ""Smoke alarm"", ""Clothing storage"", ""Bed linens"", ""Iron"", ""Coffee maker: french press"", ""Carbon monoxide alarm"", ""Paid washer \u2013 In building"", ""Luggage dropoff allowed"", ""Shampoo"", ""Cleaning products"", ""Kitchen"", ""Gas stove"", ""Baking sheet"", ""Fire extinguisher"", ""First aid kit"", ""Single oven"", ""Coffee"", ""Radiant heating"", ""Wine glasses"", ""Exterior security cameras on property"", ""Hot water"", ""Paid parking garage off premises"", ""Cooking basics"", ""Refrigerator"", ""Hair dryer"", ""Window AC unit"", ""Extra pillows and blankets"", ""Ceiling fan"", ""Bathtub"", ""Freezer""]",$104.35,2026-07-01,2026-07-31,3130.48,104.35,"{""quote"": {""taxes"": null, ""currency"": ""USD"", ""date_match"": null, ""service_fee"": null, ""total_price"": ""3130.48"", ""cleaning_fee"": null, ""is_available"": true, ""discount_amount"": ""2520.00"", ""price_per_night"": ""104.3493333333333333333333333"", ""nightly_subtotal"": null, ""discounted_subtotal"": ""3130.48"", ""raw_price_line_items"": [{""amount"": ""5650.48"", ""item_type"": ""other"", ""description"": ""Average monthly price"", ""price_string"": ""$5,650.48""}, {""amount"": ""-2520.00"", ""item_type"": ""discount_amount"", ""description"": ""Monthly stay discount"", ""price_string"": ""-$2,520.00""}, {""amount"": ""3130.48"", ""item_type"": ""discounted_subtotal"", ""description"": ""Price after discount"", ""price_string"": ""$3,130.48""}], ""returned_checkin_date"": null, ""requested_checkin_date"": ""2026-07-01"", ""returned_checkout_date"": null, ""requested_checkout_date"": ""2026-07-31""}}",30.0,120.0,30.0,30.0,120.0,120.0,30.0,120.0,,t,0,0,12,80,2026-04-14,58,0,0,80,0,0,0.0,2009-10-04,2017-08-13,4.52,4.68,4.16,4.97,5.0,4.95,4.58,,,1,1,0,0,0.29
10452,https://www.airbnb.com/rooms/10452,20260414135910,2026-04-14,previous scrape,Radiant Oasis  B&B Style room,Great location.,,https://a0.muscache.com/pictures/9d79499f-7319-4086-8359-4df7cfb2e9ac.jpg,35935,https://www.airbnb.com/users/show/35935,1.4625072838869527e+18,https://www.airbnb.com/users/profile/1462507283886952600,Angela,,16.0,7.0,15.0,3.0,"New York, NY",Loves to travel and host.,,,,t,,https://a0.muscache.com/im/users/35935/profile_pic/1327950655/original.jpg?aki_policy=profile_x_medium,,6.0,,,t,t,,Bedford-Stuyvesant,Brooklyn,40.68294,-73.95682,Private room in rental unit,Private room,2,,1 shared bath,,,"[""Long term stays allowed"", ""Microwave"", ""Wifi"", ""Hangers"", ""Essentials"", ""Room-darkening shades"", ""Stove"", ""Hot water kettle"", ""Toaster"", ""Laundromat nearby"", ""Free street parking"", ""Dishes and silverware"", ""Smoke alarm"", ""Bed linens"", ""Iron"", ""Carbon monoxide alarm"", ""Heating"", ""TV with Roku"", ""Dining table"", ""Shampoo"", ""Cleaning products"", ""Kitchen"", ""Free parking on premises"", ""Paid washer"", ""Baking sheet"", ""Oven"", ""Coffee"", ""Blender"", ""Hot water"", ""Dedicated workspace"", ""Cooking basics"", ""Paid dryer"", ""Coffee maker"", ""Cleaning available during stay"", ""Refrigerator"", ""Lock on bedroom door"", ""Hair dryer"", ""Air conditioning"", ""Extra pillows and blankets"", ""Freezer"", ""Drying rack for clothing""]",$60.84,2026-06-30,2026-07-30,1825.19,60.84,"{""quote"": {""taxes"": null, ""currency"": ""USD"", ""date_match"": null, ""service_fee"": null, ""total_price"": ""1825.19"", ""cleaning_fee"": null, ""is_available"": true, ""discount_amount"": ""2100.00"", ""price_per_night"": ""60.83966666666666666666666667"", ""nightly_subtotal"": null, ""discounted_subtotal"": ""1825.19"", ""raw_price_line_items"": [{""amount"": ""3925.19"", ""item_type"": ""other"", ""description"": ""Average monthly price"", ""price_string"": ""$3,925.19""}, {""amount"": ""-2100.00"", ""item_type"": ""discount_amount"", ""description"": ""Monthly stay discount"", ""price_string"": ""-$2,100.00""}, {""amount"": ""1825.19"", ""item_type"": ""discounted_subtotal"", ""description"": ""Price after discount"", ""price_string"": ""$1,825.19""}], ""returned_checkin_date"": null, ""requested_checkin_date"": ""2026-06-30"", ""returned_checkout_date"": null, ""requested_checkout_date"": ""2026-07-30""}}",30.0,730.0,30.0,30.0,730.0,730.0,30.0,730.0,,t,0,0,13,288,2026-04-14,82,0,0,185,1,0,0.0,2010-04-18,2025-03-31,4.66,4.5,4.62,4.74,4.85,4.42,4.67,,,6,0,6,0,0.42
11943,https://www.airbnb.com/rooms/11943,20260414135910,2026-04-14,previous scrape,Country space in the city,,,https://a0.muscache.com/pictures/53007/d30884b6_original.jpg,45445,https://www.airbnb.com/users/show/45445,1.4625075173886922e+18,https://www.airbnb.com/users/profile/1462507517388692132,Harriet,,16.0,6.0,15.0,3.0,"New York, NY",,,,,f,,https://a0.muscache.com/im/users/45445/profile_pic/1295013246/original.jpg?aki_policy=profile_x_medium,,1.0,,,t,t,,Flatbush,Brooklyn,40.63702,-73.96327,Private room in home,Private room,1,,1 bath,1.0,,"[""Washer"", ""Wifi"", ""Heating"", ""Kitchen"", ""Air conditioning"", ""Breakfast"", ""Dryer""]",,,,,,,30.0,730.0,30.0,30.0,730.0,730.0,30.0,730.0,,,0,0,0,0,2026-04-14,0,0,0,0,0,0,,,,,,,,,,,,,1,0,1,0,
12192,https://www.airbnb.com/rooms/12192,20260414135910,2026-04-14,previous scrape,ENJOY Downtown NYC!,"Easy access to all downtown has to offer!  One of the least expensive stays in all of Manhattan. East Village is known for being trendy, artsy, and home to diverse food, clubs, dives, street art, and the cultural heart of New York City. <br /><br />Apartment is in back of building and relatively quiet. Fast Wifi. Desk. Shared kitchen. Good fit for internship, relocating, or visit to NYC. <br /><br />Subways F, L, N, R, W, 6 within walking distance. Bus on corner. Citi Bike Station & laundry mat 1 block away.",,https://a0.muscache.com/pictures/miso/Hosting-12192/original/d5a20520-2d1d-4a6d-8b6b-516b0cfb23dd.jpeg,46978,https://www.airbnb.com/users/show/46978,1.4625075744320448e+18,https://www.airbnb.com/users/profile/1462507574432044750,Edward,,16.0,5.0,15.0,3.0,"New York, NY","I am an actor & adventurer who loves to travel and share experiences with people.  I love food, good conversation, and positive participation.  Its an honor to be part of this awesome community of individuals!",,,,t,,https://a0.muscache.com/im/users/46978/profile_pic/1426788156/original.jpg?aki_policy=profile_x_medium,,2.0,,,t,t,,East Village,Manhattan,40.72296,-73.98383,Private room in rental unit,Private room,1,,1 shared bath,,,"[""Long term stays allowed"", ""Microwave"", ""Wifi"", ""Hangers"", ""Essentials"", ""Stove"", ""Hot water kettle"", ""Laundromat nearby"", ""Free street parking"", ""Portable heater"", ""Dishes and silverware"", ""Smoke alarm"", ""Clothing storage"", ""Bed linens"", ""Iron"", ""Carbon monoxide alarm"", ""Luggage dropoff allowed"", ""Shampoo"", ""Self check-in"", ""Kitchen"", ""Central heating"", ""TV"", ""First aid kit"", ""Lockbox"", ""Hot water"", ""Dedicated workspace"", ""Cooking basics"", ""Coffee maker"", ""Refrigerator"", ""Lock on bedroom door"", ""Hair dryer"", ""Window AC unit"", ""Host greets you""]",,,,,,,30.0,1125.0,30.0,30.0,1125.0,1125.0,30.0,1125.0,,t,0,6,6,6,2026-04-14,316,2,0,6,2,120,,2009-10-27,2026-01-06,4.4,4.61,4.07,4.81,4.85,4.71,4.54,,,2,0,2,0,1.58
12940,https://www.airbnb.com/rooms/12940,20260414135910,2026-04-14,previous scrape,Charming Brownstone 3 - Near PRATT,"Super cute 1 bedroom apartment in a 100 year old, historical Brooklyn brownstone.  We are central in Brooklyn and right across the street from the subway.  Lots of Cafes and bars nearby.  10 minutes to lower Manhattan and SOHO, 30 minutes to Times Square.",,https://a0.muscache.com/pictures/miso/Hosting-12940/original/5290ffc3-179d-4d11-98bb-aba0034a4331.jpeg,50148,https://www.airbnb.com/users/show/50148,1.4625076394732283e+18,https://www.airbnb.com/users/profile/1462507639473228190,Adreinne,,16.0,5.0,15.0,3.0,"New York, NY","A professional photo editor and photographer living bi-coastal.  I spend half the year in Berkeley, CA and the other half in Brooklyn, NY.",,,,f,,https://a0.muscache.com/im/users/50148/profile_pic/1327978483/original.jpg?aki_policy=profile_x_medium,,5.0,,,t,t,,Bedford-Stuyvesant,Brooklyn,40.67946,-73.95417,Entire rental unit,Entire home/apt,2,,1 bath,1.0,,"[""Microwave"", ""Wifi"", ""Hangers"", ""Essentials"", ""Stove"", ""Free street parking"", ""Dishes and silverware"", ""Smoke alarm"", ""Iron"", ""Carbon monoxide alarm"", ""Heating"", ""Self check-in"", ""Kitchen"", ""Oven"", ""Lockbox"", ""Hot water"", ""Cooking basics"", ""Coffee maker"", ""Refrigerator"", ""Hair dryer"", ""Air conditioning""]",$124.37,2026-08-07,2026-09-06,3731.14,124.37,"{""quote"": {""taxes"": null, ""currency"": ""USD"", ""date_match"": null, ""service_fee"": null, ""total_price"": ""3731.14"", ""cleaning_fee"": null, ""is_available"": true, ""discount_amount"": ""1091.00"", ""price_per_night"": ""124.3713333333333333333333333"", ""nightly_subtotal"": null, ""discounted_subtotal"": ""3731.14"", ""raw_price_line_items"": [{""amount"": ""4822.14"", ""item_type"": ""other"", ""description"": ""Average monthly price"", ""price_string"": ""$4,822.14""}, {""amount"": ""-1091.00"", ""item_type"": ""discount_amount"", ""description"": ""Monthly stay discount"", ""price_string"": ""-$1,091.00""}, {""amount"": ""3731.14"", ""item_type"": ""discounted_subtotal"", ""description"": ""Price after discount"", ""price_string"": ""$3,731.14""}], ""returned_checkin_date"": null, ""requested_checkin_date"": ""2026-08-07"", ""returned_checkout_date"": null, ""requested_checkout_date"": ""2026-09-06""}}",30.0,365.0,30.0,30.0,365.0,365.0,30.0,365.0,,t,0,4,8,238,2026-04-14,81,2,0,135,3,120,14924.0,2009-12-12,2025-11-15,4.59,4.65,4.47,4.74,4.58,4.13,4.43,,,1,1,0,0,0.41
14314,https://www.airbnb.com/rooms/14314,20260414135910,2026-04-14,previous scrape,Greenpoint Place...Has It All!,"Cozy, comfortable, one bedroom apartment on ground floor of detached Victorian home. Quiet, one way street with minimal traffic.",,https://a0.muscache.com/pictures/cd3a00f3-a42d-416d-8073-da9e3c6c301f.jpg,56246,https://www.airbnb.com/users/show/56246,1.4625078326457306e+18,https://www.airbnb.com/users/profile/1462507832645730576,Jeanne,,16.0,4.0,15.0,3.0,"New York, NY","My husband and I have been married since 1998 and have two amazing boys! We were determined to stay in ""the city"" to raise our family so we could take advantage of all that New York has to offer.  We also love to travel and when we do, we try and stay in small, local accommodations so we can experience the local vibe of the surroundings. This same feeling is what we offer our visitors when they come to Greenpoint.",,,,t,,https://a0.muscache.com/im/pictures/user/User-56246/original/f7ec8ee1-93bc-430d-a9e8-73d94aaac0ac.jpeg?aki_policy=profile_x_medium,,1.0,,,t,t,,Greenpoint,Brooklyn,40.73535,-73.95584,Entire rental unit,Entire home/apt,2,,1 bath,1.0,,"[""Long term stays allowed"", ""Shower gel"", ""Microwave"", ""Wifi"", ""Hangers"", ""Essentials"", ""Room-darkening shades"", ""Stove"", ""Hot water kettle"", ""Toaster"", ""Laundromat nearby"", ""Children\u2019s dinnerware"", ""Free street parking"", ""Portable fans"", ""Conditioner"", ""Body soap"", ""Dishes and silverware"", ""Smoke alarm"", ""Bed linens"", ""Iron"", ""Carbon monoxide alarm"", ""Children\u2019s books and toys"", ""Heating"", ""AC - split type ductless system"", ""Shampoo"", ""Cleaning products"", ""Kitchen"", ""Dining table"", ""Single level home"", ""Luggage dropoff allowed"", ""Self check-in"", ""Baking sheet"", ""Free dryer \u2013 In unit"", ""Fire extinguisher"", ""Oven"", ""Coffee"", ""Washer \u2013\u00a0In unit"", ""TV with standard cable"", ""Blender"", ""Wine glasses"", ""Hot water"", ""Dedicated workspace"", ""Cooking basics"", ""Coffee maker"", ""Cleaning available during stay"", ""Refrigerator"", ""Private entrance"", ""Clothing storage: closet and dresser"", ""Hair dryer"", ""Keypad"", ""Extra pillows and blankets"", ""Freezer"", ""Drying rack for clothing""]",$145.10,2026-06-30,2026-07-30,4353.0,145.1,"{""quote"": {""taxes"": null, ""currency"": ""USD"", ""date_match"": null, ""service_fee"": null, ""total_price"": ""4353"", ""cleaning_fee"": null, ""is_available"": true, ""discount_amount"": null, ""price_per_night"": ""145.1"", ""nightly_subtotal"": null, ""discounted_subtotal"": ""4352.81"", ""raw_price_line_items"": [{""amount"": ""4352.81"", ""item_type"": ""other"", ""description"": ""Average monthly price"", ""price_string"": ""$4,352.81""}, {""amount"": ""4352.81"", ""item_type"": ""discounted_subtotal"", ""description"": ""Price after discount"", ""price_string"": ""$4,352.81""}], ""returned_checkin_date"": null, ""requested_checkin_date"": ""2026-06-30"", ""returned_checkout_date"": null, ""requested_checkout_date"": ""2026-07-30""}}",30.0,365.0,30.0,30.0,365.0,365.0,30.0,365.0,,t,0,0,13,228,2026-04-14,177,1,0,125,1,60,8706.0,2009-12-13,2025-11-17,4.83,4.89,4.91,4.91,4.93,4.8,4.79,,,1,1,0,0,0.89
15385,https://www.airbnb.com/rooms/15385,20260414135910,2026-04-14,previous scrape,"Very, very cozy place","A home away from home. Its a very cute and charming.<br />full size bed (sheets and towels included). VERY CLEAN <br />the kitchen is not included, that <br />said, you are welcome  to prepare light meals, at the moment I don't have a dining table. Just one chair in the kitchen but you have a desk in your room.<br /><br />*Not ideal to work from home. It is a small apartment. <br />*Just  for 1 person  no exceptions.<br />* For February and March you will be mostly by yourself  Then the kitchen rules and working from home is ok.",,https://a0.muscache.com/pictures/hosting/Hosting-15385/original/af68235b-b23c-4efd-9d1f-8cd6e818253e.jpeg,60252,https://www.airbnb.com/users/show/60252,1.4625079693188923e+18,https://www.airbnb.com/users/profile/1462507969318892407,Cristina,,16.0,4.0,15.0,3.0,"New York, NY","I am from Colombia. Love to travel, a good meal, a beautiful home.
I love to have a balanced life. I do love quality food, meditation and nature.
of course to move my body, after all i am an Pilates instructor ;)",,,,t,,https://a0.muscache.com/im/pictures/user/138743fe-c314-4a29-9203-2a1fcfad46f6.jpg?aki_policy=profile_x_medium,,1.0,,,t,t,,Williamsburg,Brooklyn,40.71211,-73.96397,Private room in rental unit,Private room,1,,1 shared bath,1.0,,"[""Refrigerator"", ""Bed linens"", ""First aid kit"", ""Carbon monoxide alarm"", ""Wifi"", ""Stove"", ""Essentials"", ""Heating"", ""Self check-in"", ""Lockbox"", ""Air conditioning"", ""Clothing storage: closet"", ""Hot water""]",,,,,,,31.0,60.0,31.0,31.0,60.0,60.0,31.0,60.0,,t,0,12,41,54,2026-04-14,63,3,0,54,4,186,,2010-05-16,2025-07-25,4.87,4.84,4.84,4.87,4.87,4.87,4.7,,,1,0,1,0,0.33
15396,https://www.airbnb.com/rooms/15396,20260414135910,2026-04-14,previous scrape,Sunny & Spacious Chelsea Apartment,"Modern, spacious, bright and well designed apartment in Chelsea/Midtown Manhattan close to everything & a great spot to explore the city! <br /><br />Family-friendly space with great food shopping nearby. <br /><br />Also very well suited for business travelers.<br /><br />Minimum rental period: +30 nights",,https://a0.muscache.com/pictures/575128a1-08e7-4ae8-8509-9610c688f56e.jpg,60278,https://www.airbnb.com/users/show/60278,1.4625079704088525e+18,https://www.airbnb.com/users/profile/1462507970408852595,Petra,,16.0,4.0,10.0,2.0,"New York, NY",,,,,t,,https://a0.muscache.com/im/pictures/user/User-60278/original/663ec772-e67f-4c5e-aa15-f076ad6d5368.jpeg?aki_policy=profile_x_medium,,3.0,,,t,t,,Chelsea,Manhattan,40.74493,-73.99521,Entire rental unit,Entire home/apt,4,,2 baths,2.0,,"[""BBQ grill"", ""Elevator"", ""Microwave"", ""Outdoor dining area"", ""Wifi"", ""Hangers"", ""Essentials"", ""Room-darkening shades"", ""HDTV with Amazon Prime Video, Apple TV, Netflix"", ""Stove"", ""Host greets you"", ""Ethernet connection"", ""Dishwasher"", ""Hot water kettle"", ""Toaster"", ""Clothing storage: closet"", ""Children\u2019s dinnerware"", ""Dryer"", ""Dishes and silverware"", ""Pets allowed"", ""Smoke alarm"", ""Bed linens"", ""Iron"", ""Carbon monoxide alarm"", ""Children\u2019s books and toys"", ""Heating"", ""Paid parking off premises"", ""Shampoo"", ""Cleaning products"", ""Kitchen"", ""Baking sheet"", ""Outdoor furniture"", ""Fire extinguisher"", ""First aid kit"", ""Oven"", ""Wine glasses"", ""Hot water"", ""Dedicated workspace"", ""Cooking basics"", ""Coffee maker"", ""Refrigerator"", ""Washer"", ""Babysitter recommendations"", ""Hair dryer"", ""Air conditioning"", ""Extra pillows and blankets"", ""Sound system"", ""Bathtub"", ""Freezer""]",,,,,,,180.0,730.0,180.0,180.0,730.0,730.0,180.0,730.0,,t,29,59,89,179,2026-04-14,5,0,0,179,0,0,,2016-03-23,2018-11-03,5.0,4.8,4.8,5.0,5.0,4.8,4.8,,,1,1,0,0,0.04
16338,https://www.airbnb.com/rooms/16338,20260414135910,2026-04-14,previous scrape,"Large Room + Private Deck, Clinton Hill Best Area","Good sized double room with a private deck!! on one of the nicest blocks in Clinton Hill.   I have a cat so sorry no pets.  Cat Lovers are a plus<br /><br />If you ask around, anyone will tell you that the Fort Greene/Clinton Hill area of Brooklyn is one of the coolest neighborhoods to be in. Lots of bars/restaurants. Lovely park and trees everywhere. Farmers market on Saturdays and much to do. Close to ALL the trains and buses.  My block is nice and quiet.",,https://a0.muscache.com/pictures/miso/Hosting-16338/original/d6331e18-52b4-41e4-9122-6118c16fc245.jpeg,63613,https://www.airbnb.com/users/show/63613,1.4625080866123569e+18,https://www.airbnb.com/users/profile/1462508086612356812,Patricia,,16.0,3.0,15.0,3.0,"New York, NY","I am a freeleancer from the UK living in Brooklyn. This is a great way to find longer term guests. I also use air bnb when I travel. It's been a great experience,  my guests have been lovely.  I don't tend to socialise much with my guests, I'm pretty easy going and always happy to chat and recommend things to do in NYC.
I work in entertainment. Love going to see  films/ photography exhibitions. Adore Living in Brooklyn, my neighborhood is great.",,,,t,,https://a0.muscache.com/im/pictures/user/972e0e19-8480-44d0-9281-596121a50076.jpg?aki_policy=profile_x_medium,,2.0,,,t,t,,Clinton Hill,Brooklyn,40.69121,-73.96804,Private room in condo,Private room,1,,1 shared bath,,,"[""Long term stays allowed"", ""Outdoor dining area"", ""Wifi"", ""Hangers"", ""Essentials"", ""Stove"", ""Host greets you"", ""Hot water kettle"", ""Toaster"", ""Free street parking"", ""Dishes and silverware"", ""Smoke alarm"", ""Bed linens"", ""Iron"", ""Carbon monoxide alarm"", ""Heating"", ""Luggage dropoff allowed"", ""Kitchen"", ""Baking sheet"", ""Private patio or balcony"", ""Outdoor furniture"", ""Oven"", ""Portable air conditioning"", ""Hot water"", ""Dedicated workspace"", ""Cooking basics"", ""Coffee maker"", ""Refrigerator"", ""Lock on bedroom door"", ""Hair dryer"", ""Extra pillows and blankets"", ""Bathtub"", ""Freezer""]",$56.84,2026-12-31,2027-01-30,1705.28,56.84,"{""quote"": {""taxes"": null, ""currency"": ""USD"", ""date_match"": null, ""service_fee"": null, ""total_price"": ""1705.28"", ""cleaning_fee"": null, ""is_available"": true, ""discount_amount"": ""203.40"", ""price_per_night"": ""56.84266666666666666666666667"", ""nightly_subtotal"": null, ""discounted_subtotal"": ""1705.28"", ""raw_price_line_items"": [{""amount"": ""1908.68"", ""item_type"": ""other"", ""description"": ""Average monthly price"", ""price_string"": ""$1,908.68""}, {""amount"": ""-203.40"", ""item_type"": ""discount_amount"", ""description"": ""Monthly stay discount"", ""price_string"": ""-$203.40""}, {""amount"": ""1705.28"", ""item_type"": ""discounted_subtotal"", ""description"": ""Price after discount"", ""price_string"": ""$1,705.28""}], ""returned_checkin_date"": null, ""requested_checkin_date"": ""2026-12-31"", ""returned_checkout_date"": null, ""requested_checkout_date"": ""2027-01-30""}}",30.0,200.0,30.0,30.0,200.0,200.0,30.0,200.0,,t,11,11,15,119,2026-04-14,33,1,0,16,1,60,3410.0,2010-01-02,2025-12-03,4.67,4.7,4.33,4.84,4.81,4.74,4.61,,,1,0,1,0,0.17
62925,https://www.airbnb.com/rooms/62925,20260414135910,2026-04-14,previous scrape,Beautiful Landmarked Duplex,,,https://a0.muscache.com/pictures/hosting/Hosting-62925/original/282e449b-8c2a-4d22-9be6-6933bff7b016.jpeg,306739,https://www.airbnb.com/users/show/306739,1.4625152515664338e+18,https://www.airbnb.com/users/profile/1462515251566433680,Maya,,15.0,4.0,15.0,3.0,"New York, United States","I love this neighborhood, and think you will too! I have a few listings available so please feel free to check them out.",,,,t,,https://a0.muscache.com/im/users/306739/profile_pic/1301007508/original.jpg?aki_policy=profile_x_medium,,2.0,,,t,t,,Greenpoint,Brooklyn,40.72967,-73.95352,Entire home,Entire home/apt,4,,2 baths,1.0,,"[""Wifi"", ""Essentials"", ""Conditioner"", ""Dryer"", ""Body soap"", ""Dishes and silverware"", ""Smoke alarm"", ""Clothing storage"", ""Pets allowed"", ""Bed linens"", ""Iron"", ""Carbon monoxide alarm"", ""Heating"", ""Shampoo"", ""Cleaning products"", ""Kitchen"", ""Fire extinguisher"", ""First aid kit"", ""TV with standard cable"", ""Hot water"", ""Dedicated workspace"", ""Cooking basics"", ""Refrigerator"", ""Washer"", ""Hair dryer"", ""Air conditioning"", ""Bathtub""]",$320.80,2026-05-27,2026-06-26,9624.0,320.8,"{""quote"": {""taxes"": null, ""currency"": ""USD"", ""date_match"": null, ""service_fee"": null, ""total_price"": ""9624"", ""cleaning_fee"": null, ""is_available"": true, ""discount_amount"": null, ""price_per_night"": ""320.8"", ""nightly_subtotal"": null, ""discounted_subtotal"": ""9623.74"", ""raw_price_line_items"": [{""amount"": ""9623.74"", ""item_type"": ""other"", ""description"": ""Average monthly price"", ""price_string"": ""$9,623.74""}, {""amount"": ""9623.74"", ""item_type"": ""discounted_subtotal"", ""description"": ""Price after discount"", ""price_string"": ""$9,623.74""}], ""returned_checkin_date"": null, ""requested_checkin_date"": ""2026-05-27"", ""returned_checkout_date"": null, ""requested_checkout_date"": ""2026-06-26""}}",30.0,90.0,30.0,30.0,90.0,90.0,30.0,90.0,,t,0,17,47,48,2026-04-14,173,1,0,48,1,60,19248.0,2011-03-05,2025-11-05,4.82,4.82,4.71,4.93,4.91,4.87,4.69,,,2,2,0,0,0.94
63657,https://www.airbnb.com/rooms/63657,20260414135910,2026-04-14,previous scrape,"Private, Large & Sunny Top Floor Apt  w/W&D",It's a No Brainer:<br />•Terrific Space For Less Money<br />•Save on Meals with a kitchen<br />•Pack Less Clothes with a washer & dryer<br />•Live Like a Local!<br />-Satin pillowcases provided upon request.<br />•https://www.airbnb.com/locations/new-york/bedford-stuyvesant,,https://a0.muscache.com/pictures/65005c98-adf7-49de-b452-77b95a5ae0c5.jpg,170510,https://www.airbnb.com/users/show/170510,1.4625116432632356e+18,https://www.airbnb.com/users/profile/1462511643263235521,Renée,,15.0,8.0,15.0,3.0,"New York, United States","I am a self employed licensed real estate broker, investor, and certified income tax preparer.  I own and live in this restored century old brownstone in a vibrant neighborhood in Brooklyn, NY, where I rent 2 of the apartments.

All messages are forwarded to my iPhone, so I  can usually respond in minutes.

Cheers,

Renée",,,,f,,https://a0.muscache.com/im/pictures/user/a6f6d1c6-4387-4f1e-b5b9-a050547aa193.jpg?aki_policy=profile_x_medium,,2.0,,,t,t,,Bedford-Stuyvesant,Brooklyn,40.68253,-73.94295,Entire townhouse,Entire home/apt,2,,1 bath,1.0,,"[""Long term stays allowed"", ""Wifi"", ""Hangers"", ""Essentials"", ""Stove"", ""Free street parking"", ""Dryer"", ""Dishes and silverware"", ""Smoke alarm"", ""Iron"", ""Carbon monoxide alarm"", ""Heating"", ""Luggage dropoff allowed"", ""Shampoo"", ""Self check-in"", ""Kitchen"", ""Fire extinguisher"", ""First aid kit"", ""Oven"", ""TV with standard cable"", ""Lockbox"", ""Hot water"", ""Cooking basics"", ""Refrigerator"", ""Washer"", ""Hair dryer"", ""Air conditioning""]",,,,,,,30.0,1125.0,30.0,30.0,1125.0,1125.0,30.0,1125.0,,t,0,0,0,0,2026-04-14,266,0,0,0,0,0,,2011-01-03,2019-12-08,4.59,4.64,4.76,4.9,4.88,4.23,4.59,,,2,2,0,0,1.43
64015,https://www.airbnb.com/rooms/64015,20260414135910,2026-04-14,previous scrape,Prime East Village 1 Bedroom,,,https://a0.muscache.com/pictures/53403746/db89b8b3_original.jpg,146944,https://www.airbnb.com/users/show/146944,1.462510888820276e+18,https://www.airbnb.com/users/profile/1462510888820275891,David,,15.0,9.0,15.0,3.0,"New York, NY","Very clean, very organized restaurant manager in New York.",,,,f,,https://a0.muscache.com/im/pictures/user/52fbd75c-50f2-40b0-931f-fd1951c0bf59.jpg?aki_policy=profile_x_medium,,1.0,,,t,t,,East Village,Manhattan,40.72863,-73.9842,Entire rental unit,Entire home/apt,2,,1 bath,1.0,,"[""Fire extinguisher"", ""First aid kit"", ""Carbon monoxide alarm"", ""Wifi"", ""TV with standard cable"", ""Essentials"", ""Heating"", ""Shampoo"", ""Kitchen"", ""Air conditioning"", ""Smoke alarm""]",,,,,,,30.0,730.0,30.0,30.0,730.0,730.0,30.0,730.0,,,0,0,0,0,2026-04-14,0,0,0,0,0,0,,,,,,,,,,,,,1,1,0,0,
64365,https://www.airbnb.com/rooms/64365,20260414135910,2026-04-14,previous scrape,Crown Heights Garden Apt.,,,https://a0.muscache.com/pictures/410473/0c6f896e_original.jpg,314582,https://www.airbnb.com/users/show/314582,1.4625111295935923e+18,https://www.airbnb.com/users/profile/1462511129593592236,Anthony,,15.0,4.0,15.0,3.0,"New York, NY",Tried and true Brooklynite,,,,f,,https://a0.muscache.com/im/users/314582/profile_pic/1356152363/original.jpg?aki_policy=profile_x_medium,,2.0,,,t,t,,Crown Heights,Brooklyn,40.67579,-73.95072,Private room in home,Private room,2,,1 shared bath,1.0,,"[""Refrigerator"", ""Iron"", ""Wifi"", ""TV with standard cable"", ""Heating"", ""Lockbox"", ""Window AC unit"", ""Self check-in"", ""Dedicated workspace"", ""Dishes and silverware"", ""Coffee maker""]",$61.12,2026-07-01,2026-07-31,1833.49,61.12,"{""quote"": {""taxes"": null, ""currency"": ""USD"", ""date_match"": null, ""service_fee"": null, ""total_price"": ""1833.49"", ""cleaning_fee"": null, ""is_available"": true, ""discount_amount"": ""292.50"", ""price_per_night"": ""61.11633333333333333333333333"", ""nightly_subtotal"": null, ""discounted_subtotal"": ""1833.49"", ""raw_price_line_items"": [{""amount"": ""2125.99"", ""item_type"": ""other"", ""description"": ""Average monthly price"", ""price_string"": ""$2,125.99""}, {""amount"": ""-292.50"", ""item_type"": ""discount_amount"", ""description"": ""Monthly stay discount"", ""price_string"": ""-$292.50""}, {""amount"": ""1833.49"", ""item_type"": ""discounted_subtotal"", ""description"": ""Price after discount"", ""price_string"": ""$1,833.49""}], ""returned_checkin_date"": null, ""requested_checkin_date"": ""2026-07-01"", ""returned_checkout_date"": null, ""requested_checkout_date"": ""2026-07-31""}}",30.0,365.0,30.0,30.0,365.0,365.0,30.0,365.0,,t,0,0,12,287,2026-04-14,258,1,1,184,0,60,3667.0,2011-04-23,2026-03-20,4.79,4.79,4.81,4.83,4.74,4.53,4.78,,,2,0,2,0,1.41
65615,https://www.airbnb.com/rooms/65615,20260414135910,2026-04-14,previous scrape,Farmhouse Apartment in Williamsburg,"Sublet-Fun and Dreamy 1 Bedroom includes WIFI/Utilities (Williamsburg, Brooklyn)<br /><br />Our entire fabulously furnished 1 Bedroom apartment is available with flexible dates while we are away. It is located near the coolest cafes, hardwood floors throughout, vintage clothing stores, health food markets, trains 5-10 minutes from Manhattan (L, J, M, & Z).",,https://a0.muscache.com/pictures/82915931/2cac9434_original.jpg,320761,https://www.airbnb.com/users/show/320761,1.4625156278011036e+18,https://www.airbnb.com/users/profile/1462515627801103654,Valerie,,15.0,3.0,15.0,3.0,"New York, NY",I am a visual artist and musican.,,,,f,,https://a0.muscache.com/im/users/320761/profile_pic/1292558134/original.jpg?aki_policy=profile_x_medium,,1.0,,,t,t,,Williamsburg,Brooklyn,40.7106,-73.95178,Entire rental unit,Entire home/apt,2,,1 bath,1.0,,"[""First aid kit"", ""Carbon monoxide alarm"", ""Wifi"", ""Essentials"", ""Heating"", ""Kitchen"", ""Air conditioning"", ""Smoke alarm""]",,,,,,,30.0,1125.0,30.0,30.0,1125.0,1125.0,30.0,1125.0,,t,0,0,0,0,2026-04-14,56,0,0,0,0,0,,2011-01-29,2020-09-05,4.67,4.86,4.84,4.91,4.96,4.79,4.64,,,1,1,0,0,0.3
65660,https://www.airbnb.com/rooms/65660,20260414135910,2026-04-14,previous scrape,Bright+Spacious Williamsburg Abode!,"This bright one bedroom apartment is located in the lovely Southside of WIlliamsburg, Brooklyn. There is plenty of sunshine and space for 1-2 people to sleep, work, cook, eat and do whatever else your heart desires in this great city!",,https://a0.muscache.com/pictures/hosting/Hosting-U3RheVN1cHBseUxpc3Rpbmc6NjU2NjA=/original/46709a43-f352-464f-a4d5-665432b0e864.jpeg,320538,https://www.airbnb.com/users/show/320538,1.4625156234753165e+18,https://www.airbnb.com/users/profile/1462515623475316553,Larissa,,15.0,3.0,15.0,3.0,"New York, NY","NYC girl living in Brooklyn. Loves music, culture, food, photography and traveling of course..",,,,f,,https://a0.muscache.com/im/users/320538/profile_pic/1387459012/original.jpg?aki_policy=profile_x_medium,,1.0,,,t,t,,Williamsburg,Brooklyn,40.70797,-73.94792,Entire rental unit,Entire home/apt,3,,1 bath,1.0,,"[""Long term stays allowed"", ""Wifi"", ""Hangers"", ""Essentials"", ""Stove"", ""Free street parking"", ""Dishes and silverware"", ""Smoke alarm"", ""Iron"", ""Bed linens"", ""Carbon monoxide alarm"", ""Heating"", ""Kitchen"", ""Crib"", ""Fire extinguisher"", ""Oven"", ""Hot water"", ""High chair"", ""Dedicated workspace"", ""Coffee maker"", ""Refrigerator"", ""Air conditioning""]",$109.51,2026-07-31,2026-08-30,3285.35,109.51,"{""quote"": {""taxes"": null, ""currency"": ""USD"", ""date_match"": null, ""service_fee"": null, ""total_price"": ""3285.35"", ""cleaning_fee"": null, ""is_available"": true, ""discount_amount"": ""720.00"", ""price_per_night"": ""109.5116666666666666666666667"", ""nightly_subtotal"": null, ""discounted_subtotal"": ""3285.35"", ""raw_price_line_items"": [{""amount"": ""4005.35"", ""item_type"": ""other"", ""description"": ""Average monthly price"", ""price_string"": ""$4,005.35""}, {""amount"": ""-720.00"", ""item_type"": ""discount_amount"", ""description"": ""Monthly stay discount"", ""price_string"": ""-$720.00""}, {""amount"": ""3285.35"", ""item_type"": ""discounted_subtotal"", ""description"": ""Price after discount"", ""price_string"": ""$3,285.35""}], ""returned_checkin_date"": null, ""requested_checkin_date"": ""2026-07-31"", ""returned_checkout_date"": null, ""requested_checkout_date"": ""2026-08-30""}}",30.0,120.0,30.0,30.0,120.0,120.0,30.0,120.0,,t,0,0,5,77,2026-04-14,164,0,0,77,0,0,0.0,2011-01-04,2023-06-17,4.52,4.56,4.59,4.63,4.83,4.67,4.53,,,1,1,0,0,0.88
66008,https://www.airbnb.com/rooms/66008,20260414135910,2026-04-14,previous scrape,Charming Carroll Gardens Apartment,,,https://a0.muscache.com/pictures/hosting/Hosting-66008/original/eafa5848-35a8-4075-a123-1049d6a2d188.jpeg,322884,https://www.airbnb.com/users/show/322884,1.4625156970589722e+18,https://www.airbnb.com/users/profile/1462515697058972098,Melissa,,15.0,3.0,15.0,3.0,"New York, NY","artist, designer",,,,f,,https://a0.muscache.com/im/users/322884/profile_pic/1294020519/original.jpg?aki_policy=profile_x_medium,,1.0,,,t,t,,Carroll Gardens,Brooklyn,40.68028,-73.99328,Entire rental unit,Entire home/apt,4,,1 bath,2.0,,"[""Long term stays allowed"", ""Microwave"", ""Outdoor dining area"", ""Wifi"", ""Stove"", ""Dishwasher"", ""Hot water kettle"", ""Toaster"", ""Laundromat nearby"", ""Children\u2019s dinnerware"", ""Free street parking"", ""Portable fans"", ""Dryer"", ""Dishes and silverware"", ""Pets allowed"", ""Smoke alarm"", ""Bed linens"", ""Iron"", ""Outlet covers"", ""Carbon monoxide alarm"", ""Children\u2019s books and toys"", ""Heating"", ""Dining table"", ""Shampoo"", ""Cleaning products"", ""Kitchen"", ""Single level home"", ""Luggage dropoff allowed"", ""Self check-in"", ""Baking sheet"", ""Private backyard \u2013 Fully fenced"", ""Outdoor furniture"", ""Fire extinguisher"", ""Oven"", ""Coffee"", ""TV with standard cable"", ""Lockbox"", ""Pack \u2019n play/Travel crib"", ""Hot water"", ""High chair"", ""Cooking basics"", ""Coffee maker"", ""Refrigerator"", ""Washer"", ""Private entrance"", ""Babysitter recommendations"", ""Clothing storage: closet and dresser"", ""Hair dryer"", ""Window AC unit"", ""Extra pillows and blankets"", ""Bathtub"", ""Drying rack for clothing"", ""Freezer""]",$217.42,2026-08-23,2026-09-22,6522.57,217.42,"{""quote"": {""taxes"": null, ""currency"": ""USD"", ""date_match"": null, ""service_fee"": null, ""total_price"": ""6522.57"", ""cleaning_fee"": null, ""is_available"": true, ""discount_amount"": ""638.50"", ""price_per_night"": ""217.419"", ""nightly_subtotal"": null, ""discounted_subtotal"": ""6522.57"", ""raw_price_line_items"": [{""amount"": ""7161.07"", ""item_type"": ""other"", ""description"": ""Average monthly price"", ""price_string"": ""$7,161.07""}, {""amount"": ""-638.50"", ""item_type"": ""discount_amount"", ""description"": ""Monthly stay discount"", ""price_string"": ""-$638.50""}, {""amount"": ""6522.57"", ""item_type"": ""discounted_subtotal"", ""description"": ""Price after discount"", ""price_string"": ""$6,522.57""}], ""returned_checkin_date"": null, ""requested_checkin_date"": ""2026-08-23"", ""returned_checkout_date"": null, ""requested_checkout_date"": ""2026-09-22""}}",30.0,90.0,30.0,30.0,90.0,90.0,30.0,90.0,,t,3,12,12,246,2026-04-14,67,0,0,143,0,0,0.0,2012-03-06,2020-03-22,4.86,4.95,4.98,4.97,4.98,4.97,4.73,,,1,1,0,0,0.39
66251,https://www.airbnb.com/rooms/66251,20260414135910,2026-04-14,previous scrape,East Village Loft with Piano & Patio,"Comprising the entire second floor of a tenement building built in 1881 and renovated in 2007, this 750 sq.ft. loft-like studio apartment has a rough facade with a warm interior.  It features walnut floors, custom soundproof windows and blinds, exposed beam ceilings, exposed brick walls, slate bathroom, fully stocked pro-style kitchen, washer and dryer, a 51"" upright piano, and a spacious 132 sq.ft. private outdoor deck.",,https://a0.muscache.com/pictures/6e1e7025-da76-433e-b10a-f608160468ff.jpg,324460,https://www.airbnb.com/users/show/324460,1.4625157257887677e+18,https://www.airbnb.com/users/profile/1462515725788767687,Samir,,15.0,3.0,15.0,3.0,"New York, NY","I am a 46 year old who enjoys playing music, cooking, eating, running, cycling around the city, and drinking beer (not necessarily but often in that order).",,,,t,,https://a0.muscache.com/im/users/324460/profile_pic/1385137213/original.jpg?aki_policy=profile_x_medium,,2.0,,,t,t,,East Village,Manhattan,40.72547,-73.98619,Entire loft,Entire home/apt,2,,1 bath,,,"[""Long term stays allowed"", ""Microwave"", ""Wifi"", ""Essentials"", ""Room-darkening shades"", ""Ethernet connection"", ""Dishwasher"", ""Hot water kettle"", ""Toaster"", ""Laundromat nearby"", ""Books and reading material"", ""Portable fans"", ""Free washer \u2013 In unit"", ""Dishes and silverware"", ""Smoke alarm"", ""Viking  stainless steel single oven"", ""Bed linens"", ""Iron"", ""Piano"", ""Pack \u2019n play/Travel crib - always at the listing"", ""Carbon monoxide alarm"", ""Bread maker"", ""Heating"", ""Dining table"", ""Paid parking off premises"", ""Shampoo"", ""Cleaning products"", ""Kitchen"", ""Self check-in"", ""Baking sheet"", ""Free dryer \u2013 In unit"", ""Private patio or balcony"", ""Rice maker"", ""Outdoor furniture"", ""Fire extinguisher"", ""Lockbox"", ""Blender"", ""Wine glasses"", ""Hot water"", ""Dedicated workspace"", ""Standalone high chair - always at the listing"", ""Cooking basics"", ""Refrigerator"", ""Coffee maker: espresso machine, french press"", ""Hair dryer"", ""Window AC unit"", ""Ceiling fan"", ""Bathtub"", ""Drying rack for clothing"", ""Viking stainless steel gas stove"", ""Freezer""]",$196.83,2026-07-17,2026-08-16,5904.77,196.83,"{""quote"": {""taxes"": null, ""currency"": ""USD"", ""date_match"": null, ""service_fee"": null, ""total_price"": ""5904.77"", ""cleaning_fee"": null, ""is_available"": true, ""discount_amount"": ""5235.00"", ""price_per_night"": ""196.8256666666666666666666667"", ""nightly_subtotal"": null, ""discounted_subtotal"": ""5904.77"", ""raw_price_line_items"": [{""amount"": ""11139.77"", ""item_type"": ""other"", ""description"": ""Average monthly price"", ""price_string"": ""$11,139.77""}, {""amount"": ""-5235.00"", ""item_type"": ""discount_amount"", ""description"": ""Monthly stay discount"", ""price_string"": ""-$5,235.00""}, {""amount"": ""5904.77"", ""item_type"": ""discounted_subtotal"", ""description"": ""Price after discount"", ""price_string"": ""$5,904.77""}], ""returned_checkin_date"": null, ""requested_checkin_date"": ""2026-07-17"", ""returned_checkout_date"": null, ""requested_checkout_date"": ""2026-08-16""}}",30.0,90.0,30.0,30.0,90.0,90.0,30.0,90.0,,t,3,8,8,94,2026-04-14,174,4,0,94,4,240,47239.0,2015-04-26,2025-11-16,4.93,4.94,4.78,4.77,4.94,4.94,4.81,,,1,1,0,0,1.3
66974,https://www.airbnb.com/rooms/66974,20260414135910,2026-04-14,previous scrape,"Lovely, Modern, Garden Apartment","Modern and spacious one plus bedrooms in a quintessential Brooklyn neighborhood, with a private entrance and a back patio where you will enjoy relaxing after a busy day of sightseeing. Safe and quiet with all amenities within a few minutes walk.",,https://a0.muscache.com/pictures/miso/Hosting-66974/original/7b48b06e-6651-47bd-a482-71ed1dc80142.jpeg,329436,https://www.airbnb.com/users/show/329436,1.4625158460204288e+18,https://www.airbnb.com/users/profile/1462515846020428684,Jana,,15.0,3.0,15.0,3.0,"New York, United States","A mom, a small bussiness owner and an avid traveler. Lucky to be living in the greatest city in the world!",,,,f,,https://a0.muscache.com/im/users/329436/profile_pic/1293599368/original.jpg?aki_policy=profile_x_medium,,2.0,,,t,t,,Gowanus,Brooklyn,40.68088,-73.99102,Entire rental unit,Entire home/apt,2,,1 bath,1.0,,"[""Long term stays allowed"", ""Microwave"", ""Outdoor dining area"", ""Wifi"", ""Hangers"", ""Essentials"", ""Stove"", ""32 inch HDTV with Fire TV, premium cable"", ""Ethernet connection"", ""Dishwasher"", ""Hot water kettle"", ""Toaster"", ""Children\u2019s dinnerware"", ""Books and reading material"", ""Free street parking"", ""Dryer"", ""Body soap"", ""Dishes and silverware"", ""Smoke alarm"", ""Bed linens"", ""Iron"", ""Carbon monoxide alarm"", ""Heating"", ""Dining table"", ""Luggage dropoff allowed"", ""Shampoo"", ""Cleaning products"", ""Kitchen"", ""Single level home"", ""Self check-in"", ""Central air conditioning"", ""Baking sheet"", ""Crib - always at the listing"", ""Private patio or balcony"", ""Outdoor furniture"", ""Oven"", ""Lockbox"", ""Pack \u2019n play/Travel crib"", ""Wine glasses"", ""Hot water"", ""High chair"", ""Cooking basics"", ""Coffee maker"", ""Refrigerator"", ""Washer"", ""Private entrance"", ""Shared backyard \u2013 Fully fenced"", ""Clothing storage: closet and dresser"", ""Hair dryer"", ""Bathtub"", ""Freezer""]",$193.51,2026-07-16,2026-08-15,5805.22,193.51,"{""quote"": {""taxes"": null, ""currency"": ""USD"", ""date_match"": null, ""service_fee"": null, ""total_price"": ""5805.22"", ""cleaning_fee"": null, ""is_available"": true, ""discount_amount"": ""1452.00"", ""price_per_night"": ""193.5073333333333333333333333"", ""nightly_subtotal"": null, ""discounted_subtotal"": ""5805.22"", ""raw_price_line_items"": [{""amount"": ""7257.22"", ""item_type"": ""other"", ""description"": ""Average monthly price"", ""price_string"": ""$7,257.22""}, {""amount"": ""-1452.00"", ""item_type"": ""discount_amount"", ""description"": ""Monthly stay discount"", ""price_string"": ""-$1,452.00""}, {""amount"": ""5805.22"", ""item_type"": ""discounted_subtotal"", ""description"": ""Price after discount"", ""price_string"": ""$5,805.22""}], ""returned_checkin_date"": null, ""requested_checkin_date"": ""2026-07-16"", ""returned_checkout_date"": null, ""requested_checkout_date"": ""2026-08-15""}}",30.0,270.0,30.0,30.0,270.0,270.0,30.0,270.0,,t,15,15,17,228,2026-04-14,251,3,1,125,3,180,34832.0,2012-05-23,2026-03-23,4.98,4.97,4.97,4.99,4.97,4.97,4.87,,,2,2,0,0,1.48
67299,https://www.airbnb.com/rooms/67299,20260414135910,2026-04-14,previous scrape,Cozy Garden Apartment  in Williamsburg,"Come stay in the best location in Williamsburg! You will be just a few blocks away from restaurants, movie theaters, bars,  gift shops, book stores as well as high end chain stores. There are plenty of Gyms, Pilates and Yoga studios. Domino Park on the waterfront that has spectacular views of Manhattan is two blocks away.<br /><br />Enjoy all the comforts of home while you explore one of the hippest neighborhoods in Brooklyn, if not in the world.",,https://a0.muscache.com/pictures/pro_photo_tool/Hosting-67299-unapproved/original/fadb4e00-7d0f-4bb0-aeba-6935f994587a.JPEG,330347,https://www.airbnb.com/users/show/330347,1.4625112342755151e+18,https://www.airbnb.com/users/profile/1462511234275515208,Adrienne,,15.0,3.0,15.0,3.0,"New York, NY","My husband and I have called Williamsburg our home since moving here from Austin Texas in 1992. We love living in this ever changing dynamic neighborhood.  Our background's are in art, design and horticulture. We always enjoy meeting our guests and sharing stories with them.",,,,t,,https://a0.muscache.com/im/pictures/user/4753d01f-2e54-471c-9105-ec6e69cbeb97.jpg?aki_policy=profile_x_medium,,2.0,,,t,t,,Williamsburg,Brooklyn,40.71516,-73.96448,Entire townhouse,Entire home/apt,4,,1 bath,1.0,,"[""Long term stays allowed"", ""Microwave"", ""Wifi"", ""Hangers"", ""Essentials"", ""Room-darkening shades"", ""Coffee maker: drip coffee maker, french press"", ""Hot water kettle"", ""Toaster"", ""Laundromat nearby"", ""Free street parking"", ""Conditioner"", ""Body soap"", ""Dishes and silverware"", ""Pets allowed"", ""Smoke alarm"", ""Clothing storage"", ""Bed linens"", ""Iron"", ""Carbon monoxide alarm"", ""Dining table"", ""Luggage dropoff allowed"", ""Shampoo"", ""Self check-in"", ""Kitchen"", ""TV with Apple TV, Netflix, Hulu, Disney+"", ""Baking sheet"", ""Electric stove"", ""Fire extinguisher"", ""First aid kit"", ""Oven"", ""Coffee"", ""Lockbox"", ""Radiant heating"", ""Hot water"", ""Dedicated workspace"", ""Cooking basics"", ""Refrigerator"", ""Private entrance"", ""Hair dryer"", ""Window AC unit"", ""Extra pillows and blankets"", ""Pocket wifi"", ""Freezer""]",$133.49,2026-11-01,2026-12-01,4004.64,133.49,"{""quote"": {""taxes"": null, ""currency"": ""USD"", ""date_match"": null, ""service_fee"": null, ""total_price"": ""4004.64"", ""cleaning_fee"": null, ""is_available"": true, ""discount_amount"": ""1814.75"", ""price_per_night"": ""133.488"", ""nightly_subtotal"": null, ""discounted_subtotal"": ""4004.64"", ""raw_price_line_items"": [{""amount"": ""5819.39"", ""item_type"": ""other"", ""description"": ""Average monthly price"", ""price_string"": ""$5,819.39""}, {""amount"": ""-1814.75"", ""item_type"": ""discount_amount"", ""description"": ""Monthly stay discount"", ""price_string"": ""-$1,814.75""}, {""amount"": ""4004.64"", ""item_type"": ""discounted_subtotal"", ""description"": ""Price after discount"", ""price_string"": ""$4,004.64""}], ""returned_checkin_date"": null, ""requested_checkin_date"": ""2026-11-01"", ""returned_checkout_date"": null, ""requested_checkout_date"": ""2026-12-01""}}",30.0,89.0,30.0,30.0,89.0,89.0,30.0,89.0,,t,0,12,23,53,2026-04-14,92,7,1,53,7,255,34040.0,2011-03-29,2026-03-17,4.9,4.89,4.91,4.99,5.0,4.94,4.83,,,1,1,0,0,0.5
68253,https://www.airbnb.com/rooms/68253,20260414135910,2026-04-14,previous scrape,Room in the heart of Astoria,,,https://a0.muscache.com/pictures/61b296eb-2adc-4408-96eb-b4a2e5dd0e6a.jpg,67730,https://www.airbnb.com/users/show/67730,1.4625082323453094e+18,https://www.airbnb.com/users/profile/1462508232345309563,Boris,,16.0,3.0,15.0,3.0,"New York, NY","I’m a 36 year old male. Born in Russia but a US citizen for over 25 years. I play guitar for a well known band called Gogol Bordello. I’m a vegetarian, super easy going, respectful and friendly.",,,,f,,https://a0.muscache.com/im/pictures/user/0ed4dfc8-ed9f-4715-86c2-0bc21b466c25.jpg?aki_policy=profile_x_medium,,2.0,,,t,t,,Astoria,Queens,40.76336,-73.92099,Private room in rental unit,Private room,1,,,1.0,,[],,,,,,,30.0,730.0,30.0,30.0,730.0,730.0,30.0,730.0,,,0,0,0,0,2026-04-14,0,0,0,0,0,0,,,,,,,,,,,,,1,0,1,0,
68735,https://www.airbnb.com/rooms/68735,20260414135910,2026-04-14,previous scrape,Prewar Penthouse w Private Terrace,,,https://a0.muscache.com/pictures/546735/a9e3d22d_original.jpg,342054,https://www.airbnb.com/users/show/342054,1.4625161672537208e+18,https://www.airbnb.com/users/profile/1462516167253720705,Violetta,,15.0,3.0,15.0,3.0,"New York, NY",,,,,f,,https://a0.muscache.com/im/users/342054/profile_pic/1315880491/original.jpg?aki_policy=profile_x_medium,,1.0,,,t,t,,Upper West Side,Manhattan,40.78846,-73.97459,Entire rental unit,Entire home/apt,2,,1 bath,1.0,,"[""Long term stays allowed"", ""Shower gel"", ""Microwave"", ""Outdoor dining area"", ""Elevator"", ""Wifi"", ""Hangers"", ""Essentials"", ""Stove"", ""Host greets you"", ""Dishwasher"", ""Dryer"", ""Body soap"", ""City skyline view"", ""Smoke alarm"", ""Dishes and silverware"", ""Iron"", ""Carbon monoxide alarm"", ""Heating"", ""Shampoo"", ""Cleaning products"", ""Kitchen"", ""Private patio or balcony"", ""Outdoor furniture"", ""First aid kit"", ""Oven"", ""Hot water"", ""Dedicated workspace"", ""Cooking basics"", ""Coffee maker"", ""Refrigerator"", ""Washer"", ""Hair dryer"", ""Window AC unit"", ""Bathtub"", ""48 inch TV with DVD player""]",$201.25,2026-05-21,2026-06-20,6037.51,201.25,"{""quote"": {""taxes"": null, ""currency"": ""USD"", ""date_match"": null, ""service_fee"": null, ""total_price"": ""6037.51"", ""cleaning_fee"": null, ""is_available"": true, ""discount_amount"": ""597.00"", ""price_per_night"": ""201.2503333333333333333333333"", ""nightly_subtotal"": null, ""discounted_subtotal"": ""6037.51"", ""raw_price_line_items"": [{""amount"": ""6634.51"", ""item_type"": ""other"", ""description"": ""Average monthly price"", ""price_string"": ""$6,634.51""}, {""amount"": ""-597.00"", ""item_type"": ""discount_amount"", ""description"": ""Monthly stay discount"", ""price_string"": ""-$597.00""}, {""amount"": ""6037.51"", ""item_type"": ""discounted_subtotal"", ""description"": ""Price after discount"", ""price_string"": ""$6,037.51""}], ""returned_checkin_date"": null, ""requested_checkin_date"": ""2026-05-21"", ""returned_checkout_date"": null, ""requested_checkout_date"": ""2026-06-20""}}",30.0,200.0,30.0,30.0,200.0,200.0,30.0,200.0,,t,26,51,81,264,2026-04-14,39,1,0,161,0,60,12075.0,2011-09-27,2026-01-14,4.97,4.95,4.97,4.95,4.92,4.97,4.77,,,1,1,0,0,0.22
68974,https://www.airbnb.com/rooms/68974,20260414135910,2026-04-14,previous scrape,Top floor light filled loft on the Bowery,"The loft on the Bowery is a very unique home and one I have loved for 15 years. Everyone who lives in the building is involved in the arts or design which creates a very special place. The neighborhood is burgeoning with new restaurants and shops yet retains its history. You will find museums, art galleries, amazing restaurants and great shopping. I couldn't love my neighborhood more and I hope you will enjoy it as much as I do.",,https://a0.muscache.com/pictures/airflow/Hosting-68974/original/1c037f22-2708-4d50-aad6-6ac9596739a9.jpg,281229,https://www.airbnb.com/users/show/281229,1.4625109272820887e+18,https://www.airbnb.com/users/profile/1462510927282088782,Alicia,,15.0,5.0,15.0,3.0,"New York, NY","French and American, raised traveling through Africa and the Middle East. I have made New York my home after living in Paris for 13 years. I love this city and having lived in many other places, I consider it my home. I'm a mother and work for myself so I have a pretty good perspective on the true New York through its many angles. The vibrancy and different communities make it one of the most exciting places to live. You never know what you will come across in a day just walking about.

10 years ago I discovered upstate New York and love having the balance of city and country life.",,,,f,,https://a0.muscache.com/im/pictures/user/5f320b51-3417-4bb7-9649-7ec599d9ec1a.jpg?aki_policy=profile_x_medium,,1.0,,,t,t,,Nolita,Manhattan,40.72,-73.99487,Entire loft,Entire home/apt,7,,1 bath,3.0,,"[""Long term stays allowed"", ""Shower gel"", ""Microwave"", ""Wifi"", ""Hangers"", ""Room-darkening shades"", ""Exercise equipment: free weights, yoga mat"", ""Stove"", ""Dishwasher"", ""Hot water kettle"", ""Toaster"", ""Laundromat nearby"", ""Children\u2019s dinnerware"", ""Books and reading material"", ""Portable fans"", ""Conditioner"", ""Dryer"", ""Body soap"", ""City skyline view"", ""Smoke alarm"", ""Dishes and silverware"", ""Bed linens"", ""Iron"", ""Carbon monoxide alarm"", ""Children\u2019s books and toys"", ""Heating"", ""Dining table"", ""Shampoo"", ""Cleaning products"", ""Kitchen"", ""Paid parking off premises"", ""Luggage dropoff allowed"", ""Baking sheet"", ""Baby bath"", ""Crib"", ""Rice maker"", ""Fire extinguisher"", ""First aid kit"", ""Oven"", ""Coffee"", ""Sonos Bluetooth sound system"", ""Blender"", ""Pack \u2019n play/Travel crib"", ""Children's playroom"", ""Wine glasses"", ""Exterior security cameras on property"", ""Hot water"", ""High chair"", ""Dedicated workspace"", ""Cooking basics"", ""Coffee maker"", ""Board games"", ""Refrigerator"", ""Washer"", ""Changing table"", ""Housekeeping available every day - available at extra cost"", ""HDTV with standard cable"", ""Hair dryer"", ""Baby safety gates"", ""Air conditioning"", ""Clothing storage: wardrobe and dresser"", ""Extra pillows and blankets"", ""Ceiling fan"", ""Freezer"", ""Drying rack for clothing""]",$781.70,2026-05-01,2026-05-31,23451.0,781.7,"{""quote"": {""taxes"": null, ""currency"": ""USD"", ""date_match"": null, ""service_fee"": null, ""total_price"": ""23451"", ""cleaning_fee"": null, ""is_available"": true, ""discount_amount"": null, ""price_per_night"": ""781.7"", ""nightly_subtotal"": null, ""discounted_subtotal"": ""23450.95"", ""raw_price_line_items"": [{""amount"": ""23450.95"", ""item_type"": ""other"", ""description"": ""Average monthly price"", ""price_string"": ""$23,450.95""}, {""amount"": ""23450.95"", ""item_type"": ""discounted_subtotal"", ""description"": ""Price after discount"", ""price_string"": ""$23,450.95""}], ""returned_checkin_date"": null, ""requested_checkin_date"": ""2026-05-01"", ""returned_checkout_date"": null, ""requested_checkout_date"": ""2026-05-31""}}",30.0,730.0,30.0,30.0,730.0,730.0,30.0,730.0,,t,13,43,73,348,2026-04-14,248,0,0,245,0,0,0.0,2011-03-04,2024-08-11,4.87,4.88,4.89,4.84,4.88,4.79,4.66,,,1,1,0,0,1.35
71384,https://www.airbnb.com/rooms/71384,20260414135910,2026-04-14,previous scrape,Gigantic Private Brooklyn Loft!,,,https://a0.muscache.com/pictures/1264087/117c93c6_original.jpg,365153,https://www.airbnb.com/users/show/365153,1.4625166686559155e+18,https://www.airbnb.com/users/profile/1462516668655915521,Ben,,15.0,2.0,15.0,2.0,"Los Angeles, CA","It says ""Ben"" but it's actually Ben + Sarina, an affable Los Angeles couple who tend to travel quite a bit.

We like our Bill Callahan, our kale, our tequila grapefruit drinks, we love our kitties and our adventures throughout CA (+ beyond.) 

As for employment, Ben works at a film studio while Sarina's an Occupational Therapist :)",,,,f,,https://a0.muscache.com/im/users/365153/profile_pic/1311014418/original.jpg?aki_policy=profile_x_medium,,1.0,,,t,t,,Greenpoint,Brooklyn,40.72919,-73.95588,Entire loft,Entire home/apt,4,,1 bath,1.0,,"[""Wifi"", ""Indoor fireplace"", ""Heating"", ""Kitchen"", ""Air conditioning""]",,,,,,,30.0,60.0,30.0,30.0,60.0,60.0,30.0,60.0,,t,0,0,0,0,2026-04-14,48,0,0,0,0,0,,2011-05-15,2014-05-13,4.98,4.98,4.82,4.93,4.98,4.84,4.84,,,1,1,0,0,0.26
16580,https://www.airbnb.com/rooms/16580,20260414135910,2026-04-14,city scrape,"Sunny, Modern room in East Village w City Views",This clean and very comfortable private room in the East Village has spectacular views of downtown Manhattan and is a block away from Tompkins Square Park. Am always excited to share the space with guests! Thanks for taking a look.,,https://a0.muscache.com/pictures/37e211bb-6ef8-44b6-8022-7427e7a241a5.jpg,64442,https://www.airbnb.com/users/show/64442,1.462508106838747e+18,https://www.airbnb.com/users/profile/1462508106838746918,Reka,,16.0,3.0,12.0,8.0,"New York, NY","I’ve lived in NYC for over 15 years. I love to travel, am from Transylvania (sort of), and I spend most of my time producing movies.",,,,t,,https://a0.muscache.com/im/pictures/user/72e322b7-e41a-44d9-a1ce-3497150f87ed.jpg?aki_policy=profile_x_medium,,2.0,,,t,t,,East Village,Manhattan,40.72372723229208,-73.97625850509617,Private room in condo,Private room,1,1.0,1 shared bath,1.0,1.0,"[""Elevator"", ""Microwave"", ""Wifi"", ""Hangers"", ""Essentials"", ""Stove"", ""Dishwasher"", ""Free street parking"", ""Dryer"", ""City skyline view"", ""Dishes and silverware"", ""Smoke alarm"", ""Gym"", ""Bed linens"", ""Iron"", ""Carbon monoxide alarm"", ""Heating"", ""Free parking on premises"", ""Luggage dropoff allowed"", ""Shampoo"", ""Self check-in"", ""Kitchen"", ""Shared patio or balcony"", ""TV"", ""Fire extinguisher"", ""First aid kit"", ""Oven"", ""Lockbox"", ""Hot water"", ""Dedicated workspace"", ""Backyard"", ""Cooking basics"", ""Coffee maker"", ""Refrigerator"", ""Washer"", ""Lock on bedroom door"", ""Hair dryer"", ""Air conditioning"", ""Extra pillows and blankets""]",$131.24,2026-04-23,2026-04-24,131.24,131.24,"{""quote"": {""taxes"": null, ""currency"": ""USD"", ""date_match"": null, ""service_fee"": null, ""total_price"": ""131.24"", ""cleaning_fee"": null, ""is_available"": true, ""discount_amount"": null, ""price_per_night"": ""131.24"", ""nightly_subtotal"": ""131.24"", ""discounted_subtotal"": ""131.24"", ""raw_price_line_items"": [{""amount"": ""131.24"", ""item_type"": ""nightly_subtotal"", ""description"": ""1 night x $131.24"", ""price_string"": ""$131.24""}, {""amount"": ""131.24"", ""item_type"": ""discounted_subtotal"", ""description"": ""Price after discount"", ""price_string"": ""$131.24""}], ""returned_checkin_date"": null, ""requested_checkin_date"": ""2026-04-23"", ""returned_checkout_date"": null, ""requested_checkout_date"": ""2026-04-24""}}",1.0,1125.0,1.0,2.0,1125.0,1125.0,2.0,1125.0,,t,7,31,52,226,2026-04-14,684,54,3,218,61,255,33466.0,2013-08-22,2026-03-29,4.82,4.86,4.79,4.81,4.81,4.76,4.72,OSE-STRREG-0000108,,2,0,2,0,4.44
